EDQM,,,,,RxNorm Mapping,Bewertung,Kommentar,Original Mapping [https://www.sciencedirect.com/science/article/pii/S138650562200140X],,
PDF-10100500,Human and Veterinary,Current,Oral,Concentrate for oral suspension,,,,,,0
PDF-10101000,Human and Veterinary,Current,Oral,"Oral drops, solution",Oral Solution,ok,"Schade, des hier nicht auch noch nach Tropfen uterschieden wird",,"a solution intended to be taken by mouth. For solutions applied to the teeth, use Mouthwash",
PDF-10102000,Human and Veterinary,Current,Oral,"Oral drops, suspension",Oral Suspension,ok,"Schade, des hier nicht auch noch nach Tropfen uterschieden wird",,a suspension intended to be taken by mouth,
PDF-10103000,Human and Veterinary,Current,Oral,"Oral drops, emulsion",,,,,,
PDF-10104000,Human and Veterinary,Current,Oral,Oral liquid,,,,,,
PDF-10105000,Human and Veterinary,Current,Oral,Oral solution,Oral Solution,ok,,Oral Solution,"a solution intended to be taken by mouth. For solutions applied to the teeth, use Mouthwash",
PDF-10106000,Human and Veterinary,Current,Oral,Oral suspension,Oral Suspension,ok,,Oral Suspension,a suspension intended to be taken by mouth,
PDF-10107000,Human and Veterinary,Current,Oral,Oral emulsion,,,,,,
PDF-10108000,Human and Veterinary,Current,Oral,Oral gel,Oral Gel,ok,,Oral Gel,a gel intended for use on or in the oral cavity,
PDF-10109000,Human and Veterinary,Current,Oral,Oral paste,Oral Paste,ok,,Oral Paste,a paste to be taken or used orally,
PDF-10110000,Human and Veterinary,Current,Oral,Powder for oral solution,Powder for Oral Solution,ok,,Powder for Oral Solution,"a powder, which, upon the addition of suitable vehicles, yields a solution intended to be taken by mouth",
PDF-10111000,Human and Veterinary,Current,Oral,Powder for oral suspension,Powder for Oral Suspension,ok,,Powder for Oral Suspension,"a powder, which, upon the addition of suitable vehicles, yields a suspension intended to be taken by mouth",
PDF-10112000,Human and Veterinary,Current,Oral,Granules for oral solution,Granules for Oral Solution,ok,,Granules for Oral Solution,granules to be reconstituted with solvent just before dispensing to form a solution intended to be taken by mouth,
PDF-10113000,Human and Veterinary,Current,Oral,Granules for oral suspension,Granules for Oral Suspension,ok,,Granules for Oral Suspension,granules to be reconstituted with diluent prior to administration to form a suspension intended to be taken by mouth,
PDF-10116000,Veterinary only,Deprecated,Unknown/Miscellaneous,Lyophilisate for suspension,,,,,,
PDF-10117000,Human and Veterinary,Current,Oral,Syrup,,,,,,
PDF-10118000,Human and Veterinary,Current,Oral,Powder for syrup,,,,,,
PDF-10119000,Human and Veterinary,Current,Oral,Granules for syrup,,,,,,
PDF-10120000,Human and Veterinary,Current,Oral,Soluble tablet,,,,,,
PDF-10121000,Human and Veterinary,Current,Oral,Dispersible tablet,Tablet for Oral Suspension,ok,,,a tablet to be reconstituted with diluent prior to administration to form a suspension intended to be taken by mouth,
PDF-10121500,Human and Veterinary,Current,Oral,Dispersible tablets for dose dispenser,Tablet for Oral Suspension,ok,fehlt for dose dispenser,,a tablet to be reconstituted with diluent prior to administration to form a suspension intended to be taken by mouth,
PDF-10122000,Human and Veterinary,Current,Oral,Herbal tea,,,,,,
PDF-10201000,Human and Veterinary,Current,Oral,Oral powder,Oral Powder,ok,,,"a powder given orally, often sprinkled on or mixed with food. Not for powders mixed with liquids",
PDF-10202000,Human and Veterinary,Current,Oral,Instant herbal tea,,,,,,
PDF-10203000,Human and Veterinary,Current,Oral,Effervescent powder,Powder for Oral Solution,,,,"a powder, which, upon the addition of suitable vehicles, yields a solution intended to be taken by mouth",
PDF-10204000,Human and Veterinary,Current,Oral,Granules,Oral Granules,ok,,Oral Granules,granules intended to be taken by mouth,
PDF-10205000,Human and Veterinary,Current,Oral,Effervescent granules,,,,,,
PDF-10206000,Human and Veterinary,Current,Oral,Gastro-resistant granules,Delayed Release Oral Granules,ok,,,granules intended to be taken by mouth which releases a drug (or drugs) at a time other than promptly after oral administration (enteric-coated articles are delayed release dosage forms),
PDF-10207000,Human and Veterinary,Current,Oral,Prolonged-release granules,Oral Granules,ok,"orale granules ist zu allgemein, Wirkstoffreigabe über einen längeren Zeitraum",,granules intended to be taken by mouth,
PDF-10208000,Human and Veterinary,Current,Oral,Modified-release granules,Delayed Release Oral Granules,,"hier bin ich mir nicht sicher, modified release bedeutet ja veränderte Wirkstofffreisetzung, nicht nur magensaftresistent, auch retardiert, verlängert...",Delayed Release Oral Granules,granules intended to be taken by mouth which releases a drug (or drugs) at a time other than promptly after oral administration (enteric-coated articles are delayed release dosage forms),
PDF-10209000,Human and Veterinary,Current,Oral,Cachet,Oral Wafer,ok,,,"a thin, cookie-like, baked form",
PDF-10210000,Human and Veterinary,Current,Oral,"Capsule, hard",Oral Capsule,ok,,,a capsule taken by mouth,
PDF-10211000,Human and Veterinary,Current,Oral,"Capsule, soft",Oral Capsule,ok,,,a capsule taken by mouth,
PDF-10212000,Human and Veterinary,Current,Oral,"Gastro-resistant capsule, hard",Delayed Release Oral Capsule,ok,,,"a solid dosage form in which the drug is enclosed within either a hard or soft soluble container made from a suitable form of gelatin, and which releases a drug (or drugs) at a time other than promptly after oral administration (enteric-coated particles are delayed release dosage forms)",
PDF-10213000,Human and Veterinary,Current,Oral,"Gastro-resistant capsule, soft",Delayed Release Oral Capsule,ok,,,"a solid dosage form in which the drug is enclosed within either a hard or soft soluble container made from a suitable form of gelatin, and which releases a drug (or drugs) at a time other than promptly after oral administration (enteric-coated particles are delayed release dosage forms)",
PDF-10214000,Human and Veterinary,Current,Oral,"Chewable capsule, soft",Oral Capsule,ok,"oral capsule ist nicht falsch, aber sehr allemein",,a capsule taken by mouth,
PDF-10215000,Human and Veterinary,Current,Oral,"Prolonged-release capsule, hard",Oral Capsule,ok,"oral capsule ist nicht falsch, aber sehr allemein",,a capsule taken by mouth,
PDF-10216000,Human and Veterinary,Current,Oral,"Prolonged-release capsule, soft",Oral Capsule,ok,"oral capsule ist nicht falsch, aber sehr allemein",,a capsule taken by mouth,
PDF-10217000,Human and Veterinary,Current,Oral,"Modified-release capsule, hard",Delayed Release Oral Capsule,ok,,,"a solid dosage form in which the drug is enclosed within either a hard or soft soluble container made from a suitable form of gelatin, and which releases a drug (or drugs) at a time other than promptly after oral administration (enteric-coated particles are delayed release dosage forms)",
PDF-10218000,Human and Veterinary,Current,Oral,"Modified-release capsule, soft",Delayed Release Oral Capsule,ok,,,"a solid dosage form in which the drug is enclosed within either a hard or soft soluble container made from a suitable form of gelatin, and which releases a drug (or drugs) at a time other than promptly after oral administration (enteric-coated particles are delayed release dosage forms)",
PDF-10219000,Human and Veterinary,Current,Oral,Tablet,Oral Tablet,ok,,Oral Tablet,a tablet containing medicated materials to be taken by mouth,
PDF-10220000,Human and Veterinary,Current,Oral,Coated tablet,Oral Tablet,ok,oral tablet: sehr allgemein,,a tablet containing medicated materials to be taken by mouth,
PDF-10221000,Human and Veterinary,Current,Oral,Film-coated tablet,Oral Tablet,ok,oral tablet: sehr allgemein,,a tablet containing medicated materials to be taken by mouth,
PDF-10222000,Human and Veterinary,Current,Oral,Effervescent tablet,Effervescent Oral Tablet,ok,,Effervescent Oral Tablet,"a solid dosage form containing mixtures of acids (e.g., citric acid, tartaric acid) and sodium bicarbonate, which release carbon dioxide when dissolved in water; it is intended to be dissolved or dispersed in water before oral administration",
PDF-10223000,Human and Veterinary,Current,Oral,Orodispersible tablet,Disintegrating Oral Tablet,ok,,Disintegrating Oral Tablet,a tablet dissolved in the mouth to release medication,
PDF-10224000,Human and Veterinary,Current,Oral,Oral lyophilisate,Disintegrating Oral Tablet,ok,,,a tablet dissolved in the mouth to release medication,
PDF-10225000,Human and Veterinary,Current,Oral,Gastro-resistant tablet,Delayed Release Oral Capsule,ok,,,"a solid dosage form in which the drug is enclosed within either a hard or soft soluble container made from a suitable form of gelatin, and which releases a drug (or drugs) at a time other than promptly after oral administration (enteric-coated particles are delayed release dosage forms)",
PDF-10226000,Human and Veterinary,Current,Oral,Prolonged-release tablet,Extended Release Oral Tablet,ok,,Extended Release Oral Tablet,a tablet whose contents are slowly released over an extended period of time at a controlled rate,
PDF-10227000,Human and Veterinary,Current,Oral,Modified-release tablet,Delayed Release Oral Tablet,ok,,,a solid dosage form which releases a drug (or drugs) at a time other than promptly after oral administration (enteric-coated particles are delayed release dosage forms),
PDF-10228000,Human and Veterinary,Current,Oral,Chewable tablet,Chewable Tablet,ok,,Chewable Tablet,a tablet taken by mouth and crushed into smaller pieces before swallowing,
PDF-10229000,Human and Veterinary,Current,"Oral, Oromucosal",Medicated chewing-gum,Chewing Gum,ok,,Chewing Gum,an insoluble material that is chewed to release medication,
PDF-10230000,Human and Veterinary,Current,Oral,Oral gum,Chewing Gum,ok,,,an insoluble material that is chewed to release medication,
PDF-10230500,Human and Veterinary,Rejected,Oral,Pill,Oral Tablet,ok,,,a tablet containing medicated materials to be taken by mouth,
PDF-10231000,Human and Veterinary,Current,"Oral, Sublingual",Pillules,Oral Pellet,ok,,,a small rounded body,
PDF-10232000,Veterinary only,Current,Oral,Continuous-release intraruminal device,,,,,,
PDF-10233000,Veterinary only,Current,Oral,Pulsatile-release intraruminal device,,,,,,
PDF-10234000,Veterinary only,Current,Oral,Lick block,,,,,,
PDF-10235000,Veterinary only,Current,Oral,Premix for medicated feeding stuff,,,,,,
PDF-10236000,Veterinary only,Current,Oral,Medicated pellets,Oral Pellet,ok,,,a small rounded body,
PDF-10236100,Human and Veterinary,Current,Oral,Orodispersible film,,,,Oral Film,,
PDF-10301000,Human and Veterinary,Current,Oromucosal,Gargle,Mouthwash,ok,,,an oral solution intended to be used as a rinse or for irrigation. This includes oral solutions that are applied to the teeth,
PDF-10302000,Human and Veterinary,Current,Oromucosal,Concentrate for gargle,Mouthwash,ok,,,an oral solution intended to be used as a rinse or for irrigation. This includes oral solutions that are applied to the teeth,
PDF-10303000,Human and Veterinary,Current,Oromucosal,"Gargle, powder for solution",Mouthwash,ok,,,an oral solution intended to be used as a rinse or for irrigation. This includes oral solutions that are applied to the teeth,
PDF-10304000,Human and Veterinary,Current,Oromucosal,"Gargle, tablet for solution",Mouthwash,ok,,,an oral solution intended to be used as a rinse or for irrigation. This includes oral solutions that are applied to the teeth,
PDF-10305000,Human and Veterinary,Current,Oromucosal,Oromucosal solution,Mucous Membrane Topical Solution,ok,"sehr allgemein, nicht Mundschleimhaut",,an oral solution intended for use on the mucous membranes,
PDF-10306000,Human and Veterinary,Current,Oromucosal,Oromucosal suspension,Mucous Membrane Topical Solution,ok,"sehr allgemein, nicht Mundschleimhaut",,an oral solution intended for use on the mucous membranes,
PDF-10307000,Human and Veterinary,Deprecated,Oromucosal,Oromucosal drops,Mucous Membrane Topical Solution,ok,"sehr allgemein, nicht Mundschleimhaut",,an oral solution intended for use on the mucous membranes,
PDF-10308000,Human and Veterinary,Deprecated,Oromucosal,Oromucosal spray,Oral Spray,ok,"sehr allgemein, nicht Mundschleimhaut",,a spray intended to be applied into the oral cavity,
PDF-10308100,Human and Veterinary,Current,Oromucosal,"Oromucosal spray, emulsion",Oral Spray,ok,"sehr allgemein, nicht Mundschleimhaut",,a spray intended to be applied into the oral cavity,
PDF-10308200,Human and Veterinary,Current,Oromucosal,"Oromucosal spray, solution",Oral Spray,ok,"sehr allgemein, nicht Mundschleimhaut",,a spray intended to be applied into the oral cavity,
PDF-10308300,Human and Veterinary,Current,Oromucosal,"Oromucosal spray, suspension",Oral Spray,ok,"sehr allgemein, nicht Mundschleimhaut",,a spray intended to be applied into the oral cavity,
PDF-10309000,Human and Veterinary,Deprecated,Sublingual,Sublingual spray,Oral Spray,ok,"sehr allgemein, nicht Mundschleimhaut",,a spray intended to be applied into the oral cavity,
PDF-10309100,Human and Veterinary,Current,Sublingual,"Sublingual spray, emulsion",Oral Spray,ok,"sehr allgemein, nicht Mundschleimhaut",,a spray intended to be applied into the oral cavity,
PDF-10309200,Human and Veterinary,Current,Sublingual,"Sublingual spray, solution",Oral Spray,ok,"sehr allgemein, nicht Mundschleimhaut",,a spray intended to be applied into the oral cavity,
PDF-10309300,Human and Veterinary,Current,Sublingual,"Sublingual spray, suspension",Oral Spray,ok,"sehr allgemein, nicht Mundschleimhaut",,a spray intended to be applied into the oral cavity,
PDF-10310000,Human and Veterinary,Current,Oromucosal,Mouthwash,Mouthwash,ok,,,an oral solution intended to be used as a rinse or for irrigation. This includes oral solutions that are applied to the teeth,
PDF-10311000,Human and Veterinary,Current,Oromucosal,"Mouthwash, tablet for solution",Mouthwash,ok,,,an oral solution intended to be used as a rinse or for irrigation. This includes oral solutions that are applied to the teeth,
PDF-10312000,Human and Veterinary,Current,Oromucosal,Gingival solution,Mouthwash,ok,sehr allemein,,an oral solution intended to be used as a rinse or for irrigation. This includes oral solutions that are applied to the teeth,
PDF-10313000,Human and Veterinary,Current,Oromucosal,Oromucosal gel,Oral Gel,ok,sehr allemein,,a gel intended for use on or in the oral cavity,
PDF-10314000,Human and Veterinary,Current,Oromucosal,Oromucosal paste,Oral Paste,ok,sehr allemein,,a paste to be taken or used orally,
PDF-10314005,Human and Veterinary,Current,Oromucosal,Oromucosal ointment,Oral Ointment,ok,sehr allemein,,a ointment intended for use on or in the mouth,
PDF-10314010,Human and Veterinary,Current,Oromucosal,Oromucosal cream,Oral Cream,ok,sehr allemein,,a cream intended for use on or in the mouth,
PDF-10314011,Human and Veterinary,Current,Buccal,Buccal film,Buccal Film,ok,,Buccal Film,a thin sheet placed on the inner lining of the cheek until dissolved and contains one or more layers,
PDF-10315000,Human and Veterinary,Current,Oromucosal,Gingival gel,Oral Gel,ok,sehr allgemein,,a gel intended for use on or in the oral cavity,
PDF-10316000,Human and Veterinary,Current,Oromucosal,Gingival paste,Oral Paste,ok,sehr allgemein,,a paste to be taken or used orally,
PDF-10317000,Human and Veterinary,Current,Oromucosal,Oromucosal capsule,Oral Capsule,ok,sehr allgemein,,a capsule taken by mouth,
PDF-10317500,Human and Veterinary,Current,Sublingual,Sublingual film,Sublingual Film,ok,,Sublingual Film,a thin sheet placed under the tongue until dissolved and contains one or more layers,
PDF-10318000,Human and Veterinary,Current,Sublingual,Sublingual tablet,Sublingual Tablet,ok,,Sublingual Tablet,a tablet held under the tongue until dissolved,
PDF-10319000,Human and Veterinary,Current,Buccal,Muco-adhesive buccal tablet,Sustained Release Buccal Tablet,ok,,Sustained Release Buccal Tablet,a tablet held in the hollow pockets of the cheek while the slowed delivery system allows the drug to be released over an extended period of time at a controlled rate,
PDF-10320000,Human and Veterinary,Current,Buccal,Buccal tablet,Buccal Tablet,ok,,Buccal Tablet,a tablet held in the hollow pockets of the cheek until dissolved,
PDF-10321000,Human and Veterinary,Current,Oromucosal,Lozenge,Oral Lozenge,ok,,Oral Lozenge,a solid mass intended to be held in the mouth to allow for slow dissolution,
PDF-10322000,Human and Veterinary,Current,Oromucosal,Compressed lozenge,Oral Lozenge,ok,,,a solid mass intended to be held in the mouth to allow for slow dissolution,
PDF-10323000,Human and Veterinary,Current,Oromucosal,Pastille,Disintegrating Oral Tablet,ok,sehr allgemein,,a tablet dissolved in the mouth to release medication,
PDF-10401000,Human and Veterinary,Current,Dental,Periodontal powder,Oral Powder,ok,sehr allgemein,,"a powder given orally, often sprinkled on or mixed with food. Not for powders mixed with liquids",
PDF-10401500,Human and Veterinary,Current,Dental,Dental cement,Cement,ok,sehr allgemein,,,
PDF-10402000,Human and Veterinary,Current,Dental,Dental gel,Oral Gel,ok,,,a gel intended for use on or in the oral cavity,
PDF-10403000,Human and Veterinary,Current,Dental,Dental stick,,,,,,
PDF-10404000,Human and Veterinary,Deprecated,Dental,Dental insert,,,,,,
PDF-10405000,Human and Veterinary,Current,Dental,Dental powder,Oral Powder,ok,,,"a powder given orally, often sprinkled on or mixed with food. Not for powders mixed with liquids",
PDF-10406000,Human and Veterinary,Current,Dental,Dental solution,Mouthwash,,i,,an oral solution intended to be used as a rinse or for irrigation. This includes oral solutions that are applied to the teeth,
PDF-10407000,Human and Veterinary,Current,Dental,Dental suspension,Mouthwash,,"Mundwasser finde ich hier nicht ganz passend. Mit einem Mundwasser spült man, eine Suspension trägt man eher direkt auf eine bestimmte Stelle auf.",Mouthwash,an oral solution intended to be used as a rinse or for irrigation. This includes oral solutions that are applied to the teeth,
PDF-10408000,Human and Veterinary,Current,Dental,Dental emulsion,Mouthwash,,Mundwasser finde ich hier nicht ganz passend,,an oral solution intended to be used as a rinse or for irrigation. This includes oral solutions that are applied to the teeth,
PDF-10409000,Human and Veterinary,Current,Dental,Toothpaste,Toothpaste,ok,,Toothpaste,a paste intended to be used in cleaning teeth,
PDF-10410000,Human and Veterinary,Current,Dental,Periodontal gel,Oral Gel,ok,,,a gel intended for use on or in the oral cavity,
PDF-10411000,Human and Veterinary,Current,Dental,Periodontal insert,,,,,,
PDF-10413000,Human and Veterinary,Current,Dental,Powder for dental cement,,,,,,
PDF-10414000,Human and Veterinary,Current,Dental,Solution for dental cement,,,,,,
PDF-10501000,Human and Veterinary,Current,Cutaneous,Bath additive,,,,,,
PDF-10502000,Human and Veterinary,Current,"Cutaneous, Transdermal",Cream,Topical Cream,ok,,,a cream intended to be used on the skin,
PDF-10503000,Human and Veterinary,Current,Cutaneous,Gel,Topical Gel,ok,,Topical Gel,a gel intended for use on the skin,
PDF-10504000,Human and Veterinary,Current,"Cutaneous, Transdermal",Ointment,Topical Ointment,ok,,Topical Ointment,a ointment intended for use on or in the skin,
PDF-10505000,Human and Veterinary,Current,Cutaneous,Cutaneous paste,Paste,ok,,,"a smooth, viscous mixture of material; semisolid in nature",
PDF-10506000,Human and Veterinary,Current,"Cutaneous, Transdermal",Medicated plaster,Medicated Tape,FALSE,Tape ist kein Pflaster,,an adhesive tape used to apply medication (see also Medicated Patch and Transdermal System),Medicated tape also fine?
PDF-10507000,Human and Veterinary,Current,Cutaneous,Cutaneous foam,Topical Foam,ok,,Topical Foam,a foam intended for use on the skin,
PDF-10508000,Human and Veterinary,Current,Cutaneous,Shampoo,Medicated Shampoo,ok,,Medicated Shampoo,a medicated liquid soap intended for use on hair,
PDF-10509000,Human and Veterinary,Current,Cutaneous,"Cutaneous spray, solution",Topical Spray,ok,,,a spray intended for use on the skin,
PDF-10510000,Human and Veterinary,Current,Cutaneous,"Cutaneous spray, suspension",Topical Spray,ok,,,a spray intended for use on the skin,
PDF-10511000,Human and Veterinary,Current,Cutaneous,"Cutaneous spray, powder",Powder Spray,ok,,Powder Spray,a powder delivered on the skin as a spray,
PDF-10512000,Human and Veterinary,Current,Cutaneous,Cutaneous liquid,Topical Solution,ok,,,a solution intended for use on a surface (do not use for Oral Solutions),
PDF-10513000,Human and Veterinary,Current,Cutaneous,Cutaneous solution,Topical Solution,ok,,Topical Solution,a solution intended for use on a surface (do not use for Oral Solutions),
PDF-10514000,Human and Veterinary,Current,Cutaneous,Concentrate for cutaneous solution,Topical Solution,ok,,,a solution intended for use on a surface (do not use for Oral Solutions),
PDF-10514500,Human and Veterinary,Current,Cutaneous,Powder for cutaneous solution,,,,,,
PDF-10515000,Human and Veterinary,Current,Cutaneous,Cutaneous suspension,Topical Suspension,ok,,Topical Suspension,a suspension intended for external application on the skin,
PDF-10516000,Human and Veterinary,Current,Cutaneous,Cutaneous emulsion,,,,,,
PDF-10517000,Human and Veterinary,Current,Cutaneous,Cutaneous powder,Topical Powder,ok,,,a powder intended for use on the outside surface of the body,
PDF-10517500,Human and Veterinary,Current,Cutaneous,Cutaneous patch,Medicated Patch,ok,,,an adhesive patch that delivers medication locally to the area beneath the patch (see also Transdermal System and Medicated Tape),
PDF-10518000,Human and Veterinary,Current,Transdermal,Solution for iontophoresis,,,,,,
PDF-10518500,Human and Veterinary,Current,Transdermal,Powder for solution for iontophoresis,,,,,,
PDF-10519000,Human and Veterinary,Current,Transdermal,Transdermal patch,Medicated Patch,ok,,Medicated Patch,an adhesive patch that delivers medication locally to the area beneath the patch (see also Transdermal System and Medicated Tape),
PDF-10520000,Human and Veterinary,Current,Cutaneous,Collodion,,,,,,
PDF-10521000,Human and Veterinary,Current,Cutaneous,Medicated nail lacquer,,,,,,
PDF-10521500,Human and Veterinary,Rejected,Cutaneous,Nail solution,,,,,,
PDF-10522000,Human and Veterinary,Current,"Cutaneous, Transdermal",Poultice,,,,,,
PDF-10523000,Human and Veterinary,Current,Cutaneous,Cutaneous stick,,,,,,
PDF-10524000,Human and Veterinary,Deprecated,Cutaneous,Cutaneous sponge,,,,,,
PDF-10525000,Human and Veterinary,Current,Cutaneous,Impregnated dressing,Medicated Pad,,,,a non-adhesive patch used to apply medication (see also Medicated Patch and Transdermal System),
PDF-10526000,Veterinary only,Deprecated,Cutaneous,Collar,,,,,,
PDF-10526500,Veterinary only,Current,Cutaneous,Medicated collar,,,,,,
PDF-10527000,Veterinary only,Current,Cutaneous,Medicated pendant,,,,,,
PDF-10528000,Veterinary only,Current,Cutaneous,Ear tag,,,,,,
PDF-10529000,Veterinary only,Current,"Cutaneous, Transdermal",Dip solution,,,,,,
PDF-10530000,Veterinary only,Current,"Cutaneous, Transdermal",Dip suspension,,,,,,
PDF-10531000,Veterinary only,Current,"Cutaneous, Transdermal",Dip emulsion,,,,,,
PDF-10532000,Veterinary only,Current,"Cutaneous, Transdermal",Concentrate for dip solution,,,,,,
PDF-10533000,Veterinary only,Current,"Cutaneous, Transdermal",Concentrate for dip suspension,,,,,,
PDF-10534000,Veterinary only,Current,"Cutaneous, Transdermal",Concentrate for dip emulsion,,,,,,
PDF-10534500,Veterinary only,Current,"Cutaneous, Transdermal",Powder for dip solution,,,,,,
PDF-10535000,Veterinary only,Current,Environmental,Concentrate for solution for fish treatment,,,,,,
PDF-10536000,Veterinary only,Current,Environmental,Powder for suspension for fish treatment,,,,,,
PDF-10537000,Veterinary only,Current,"Cutaneous, Transdermal",Pour-on solution,,,,,,
PDF-10538000,Veterinary only,Current,"Cutaneous, Transdermal",Pour-on suspension,,,,,,
PDF-10539000,Veterinary only,Current,"Cutaneous, Transdermal",Pour-on emulsion,,,,,,
PDF-10539250,Human and Veterinary,Rejected,Cutaneous,Scalp solution,,,,,,
PDF-10539500,Human and Veterinary,Rejected,Cutaneous,Scrub,,,,,,
PDF-10540000,Veterinary only,Current,"Cutaneous, Transdermal",Spot-on solution,,,,,,
PDF-10541000,Veterinary only,Current,"Cutaneous, Transdermal",Spot-on suspension,,,,,,
PDF-10542000,Veterinary only,Current,"Cutaneous, Transdermal",Spot-on emulsion,,,,,,
PDF-10543000,Veterinary only,Current,Cutaneous,Teat dip solution,,,,,,
PDF-10544000,Veterinary only,Current,Cutaneous,Teat dip suspension,,,,,,
PDF-10545000,Veterinary only,Current,Cutaneous,Teat dip emulsion,,,,,,
PDF-10546000,Veterinary only,Current,Cutaneous,Teat spray solution,,,,,,
PDF-10546250,Human and Veterinary,Current,Transdermal,Transdermal gel,Topical Gel,ok,,,a gel intended for use on the skin,
PDF-10546400,Human and Veterinary,Current,Transdermal,Transdermal solution,Topical Solution,ok,,,a solution intended for use on a surface (do not use for Oral Solutions),
PDF-10546500,Human and Veterinary,Current,Transdermal,"Transdermal spray, solution",Topical Spray,ok,,,a spray intended for use on the skin,
PDF-10547000,Human and Veterinary,Current,Transdermal,Transdermal system,Transdermal System,ok,,Transdermal System,an adhesive patch that delivers medication at a set rate systemically over a defined period of time (see also Medicated Patch),
PDF-10548000,Human and Veterinary,Current,Cutaneous,Solution for skin-prick test,Mucous Membrane Topical Solution,FALSE,Lösung für Pricktest (Allergene) ist keine Lösung für die Schleimhäute?,,an oral solution intended for use on the mucous membranes,
PDF-10549000,Human and Veterinary,Current,Cutaneous,Solution for skin-scratch test,Topical Solution,,zu allgemein,,a solution intended for use on a surface (do not use for Oral Solutions),
PDF-10550000,Human and Veterinary,Current,Cutaneous,Plaster for provocation test,,,,,,
PDF-10600500,Human and Veterinary,Current,Ocular,Concentrate for solution for intraocular irrigation,,,,,,
PDF-10601000,Human and Veterinary,Current,Ocular,Eye cream,Ophthalmic Cream,ok,,Ophthalmic Cream,a cream intended for use in the eye,
PDF-10602000,Human and Veterinary,Current,Ocular,Eye gel,Ophthalmic Gel,ok,,Ophthalmic Gel,a gel intended for use on or in the eye,
PDF-10603000,Human and Veterinary,Current,Ocular,Eye ointment,Ophthalmic Ointment,ok,,Ophthalmic Ointment,a ointment intended for use on or in the eye,
PDF-10604000,Human and Veterinary,Current,Ocular,"Eye drops, solution",Ophthalmic Solution,ok,,,a solution intended for use in the eye,
PDF-10604500,Human and Veterinary,Current,Ocular,"Eye drops, emulsion",,,,,,
PDF-10605000,Human and Veterinary,Current,Ocular,"Eye drops, suspension",Ophthalmic Suspension,ok,,,a suspension intended for use in the eye,
PDF-10608000,Human and Veterinary,Current,Ocular,"Eye drops, solvent for reconstitution",,,,,,
PDF-10609000,Human and Veterinary,Deprecated,Ocular,"Eye drops, prolonged-release",Ophthalmic Solution,ok,"allgemein, Freisetzung nicht wiedergegeben",,a solution intended for use in the eye,
PDF-10610000,Human and Veterinary,Current,Ocular,Eye lotion,Ophthalmic Solution,ok,,,a solution intended for use in the eye,
PDF-10611000,Human and Veterinary,Current,Ocular,"Eye lotion, solvent for reconstitution",,,,,,
PDF-10612000,Human and Veterinary,Current,Ocular,Ophthalmic insert,,,,,,
PDF-10613000,Human and Veterinary,Current,Ocular,Ophthalmic strip,,,,,,
PDF-10701000,Human and Veterinary,Current,Auricular,Ear cream,Otic Cream,ok,,,,
PDF-10702000,Human and Veterinary,Current,Auricular,Ear gel,Otic Gel,ok,,,a gel intended for use in the ear,
PDF-10703000,Human and Veterinary,Current,Auricular,Ear ointment,Otic Ointment,ok,,Otic Ointment,a ointment intended for use on or in the ear,
PDF-10704000,Human and Veterinary,Current,Auricular,"Ear drops, solution",Otic Solution,ok,,Otic Solution,a solution intended for use in the ear,
PDF-10705000,Human and Veterinary,Current,Auricular,"Ear drops, suspension",Otic Suspension,ok,,Otic Suspension,a suspension intended for use in the ear,
PDF-10706000,Human and Veterinary,Current,Auricular,"Ear drops, emulsion",,,,,,
PDF-10708000,Human and Veterinary,Current,Auricular,Ear powder,Topical Powder,ok,"sehr allgemein, nichts mit Ohr",,a powder intended for use on the outside surface of the body,
PDF-10709000,Human and Veterinary,Current,Auricular,"Ear spray, solution",Otic Solution,ok,"sehr allgemein, nicht erkennbar, das Spray",,a solution intended for use in the ear,
PDF-10710000,Human and Veterinary,Current,Auricular,"Ear spray, suspension",Otic Suspension,ok,"sehr allgemein, nicht erkennbar, das Spray",,a suspension intended for use in the ear,
PDF-10711000,Human and Veterinary,Current,Auricular,"Ear spray, emulsion",,,,,,
PDF-10712000,Human and Veterinary,Current,Auricular,"Ear wash, solution",Otic Solution,ok,sehr allgemein,,a solution intended for use in the ear,
PDF-10713000,Human and Veterinary,Current,Auricular,"Ear wash, emulsion",,,,,,
PDF-10714000,Human and Veterinary,Current,Auricular,Ear tampon,,,,,,
PDF-10715000,Human and Veterinary,Current,Auricular,Ear stick,,,,,,
PDF-10801000,Human and Veterinary,Current,Nasal,Nasal cream,Nasal Cream,ok,,,,
PDF-10802000,Human and Veterinary,Current,Nasal,Nasal gel,Nasal Gel,ok,,Nasal Gel,a gel intended for use on or in the nasal cavity,
PDF-10803000,Human and Veterinary,Current,Nasal,Nasal ointment,Nasal Ointment,ok,,Nasal Ointment,a ointment intended for use on or in the nose,
PDF-10804000,Human and Veterinary,Current,Nasal,"Nasal drops, solution",Nasal Solution,ok,"allgemein, wird nicht klar, dass Tropfen",Nasal Solution,a solution intended for use on the nasal mucosa,
PDF-10805000,Human and Veterinary,Current,Nasal,"Nasal drops, suspension",Nasal Suspension,ok,"allgemein, wird nicht klar, dass Tropfen",,,
PDF-10806000,Human and Veterinary,Current,Nasal,"Nasal drops, emulsion",,,,,,
PDF-10807000,Human and Veterinary,Current,Nasal,Nasal powder,Nasal Powder,ok,,Nasal Powder,a powder intended for use in the nasal cavity,
PDF-10808000,Human and Veterinary,Current,Nasal,"Nasal spray, solution",Nasal Spray,ok,,,a nasal solution intended for use in the nasal cavity delivered by a spray (see also Metered Dose Nasal Spray & Nasal Inhalant),This and the following three also match the Metered Dose Nasal Spray
PDF-10809000,Human and Veterinary,Current,Nasal,"Nasal spray, suspension",Nasal Spray,ok,,,a nasal solution intended for use in the nasal cavity delivered by a spray (see also Metered Dose Nasal Spray & Nasal Inhalant),
PDF-10810000,Human and Veterinary,Current,Nasal,"Nasal spray, emulsion",Nasal Spray,ok,,,a nasal solution intended for use in the nasal cavity delivered by a spray (see also Metered Dose Nasal Spray & Nasal Inhalant),
PDF-10811000,Human and Veterinary,Current,Nasal,Nasal wash,Irrigation Solution,ok,,,a solution intended for use as a flushing or rinsing agent,
PDF-10812000,Human and Veterinary,Current,Nasal,Nasal stick,,,,,,
PDF-10900500,Human and Veterinary,Rejected,Vaginal,Intravaginal ring,,,,,,
PDF-10901000,Human and Veterinary,Current,Vaginal,Vaginal cream,Vaginal Cream,ok,,Vaginal Cream,a cream intended for use in or around the vagina,
PDF-10902000,Human and Veterinary,Current,Vaginal,Vaginal gel,Vaginal Gel,ok,,Vaginal Gel,a gel intended for use in or around the vagina,
PDF-10903000,Human and Veterinary,Current,Vaginal,Vaginal ointment,Vaginal Ointment,ok,,Vaginal Ointment,a ointment intended for use on or in the vagina,
PDF-10904000,Human and Veterinary,Current,Vaginal,Vaginal foam,Vaginal Foam,ok,,Vaginal Foam,a foam intended for use in the vagina,
PDF-10905000,Human and Veterinary,Current,Vaginal,Vaginal solution,,,,,,
PDF-10906000,Human and Veterinary,Current,Vaginal,Vaginal suspension,,,,,,
PDF-10907000,Human and Veterinary,Current,Vaginal,Vaginal emulsion,,,,,,
PDF-10908000,Human and Veterinary,Current,Vaginal,Tablet for vaginal solution,,,,,,
PDF-10909000,Human and Veterinary,Current,Vaginal,Pessary,Vaginal Insert,ok,allgemein,,"a solid form (tablet, capsule, or suppository) intended to be inserted into the vagina",
PDF-10910000,Human and Veterinary,Current,Vaginal,"Vaginal capsule, hard",Vaginal Insert,ok,allgemein,,"a solid form (tablet, capsule, or suppository) intended to be inserted into the vagina",
PDF-10911000,Human and Veterinary,Current,Vaginal,"Vaginal capsule, soft",Vaginal Insert,ok,allgemein,,"a solid form (tablet, capsule, or suppository) intended to be inserted into the vagina",
PDF-10912000,Human and Veterinary,Current,Vaginal,Vaginal tablet,Vaginal Insert,ok,allgemein,Vaginal Insert,"a solid form (tablet, capsule, or suppository) intended to be inserted into the vagina",
PDF-10913000,Human and Veterinary,Current,Vaginal,Effervescent vaginal tablet,Vaginal Insert,ok,allgemein,,"a solid form (tablet, capsule, or suppository) intended to be inserted into the vagina",
PDF-10914000,Human and Veterinary,Current,Vaginal,Medicated vaginal tampon,Vaginal Insert,ok,allgemein,,"a solid form (tablet, capsule, or suppository) intended to be inserted into the vagina",
PDF-10915000,Human and Veterinary,Current,Vaginal,Vaginal delivery system,Vaginal System,ok,,Vaginal System,a pliable delivery system surrounded by a polymeric membrane that provides controlled drug release to the vagina,
PDF-10916000,Veterinary only,Deprecated,Vaginal,Vaginal sponge,,,,,,
PDF-11001000,Human and Veterinary,Current,Rectal,Rectal cream,Rectal Cream,ok,,Rectal Cream,a cream intended for use in or around the rectum,
PDF-11002000,Human and Veterinary,Current,Rectal,Rectal gel,Rectal Gel,ok,,Rectal Gel,a gel intended for use in or around the rectum,
PDF-11003000,Human and Veterinary,Current,Rectal,Rectal ointment,Rectal Ointment,ok,,Rectal Ointment,a ointment intended for use on or in the rectum,
PDF-11004000,Human and Veterinary,Current,Rectal,Rectal foam,Rectal Foam,ok,,Rectal Foam,a foam intended for use in the rectum,
PDF-11005000,Human and Veterinary,Current,Rectal,Rectal solution,Rectal Solution,ok,,Rectal Solution,a solution intended for use in the rectum,
PDF-11006000,Human and Veterinary,Current,Rectal,Rectal suspension,Rectal Suspension,ok,,,,
PDF-11007000,Human and Veterinary,Current,Rectal,Rectal emulsion,,,,,,
PDF-11008000,Human and Veterinary,Current,Rectal,Concentrate for rectal solution,,,,,,
PDF-11009000,Human and Veterinary,Current,Rectal,Powder for rectal solution,,,,,,
PDF-11010000,Human and Veterinary,Current,Rectal,Powder for rectal suspension,,,,,,
PDF-11011000,Human and Veterinary,Current,Rectal,Tablet for rectal solution,,,,,,
PDF-11012000,Human and Veterinary,Current,Rectal,Tablet for rectal suspension,,,,,,
PDF-11013000,Human and Veterinary,Current,Rectal,Suppository,Rectal Suppository,ok,,Rectal Suppository,a suppository intended to be inserted into the rectum,
PDF-11014000,Human and Veterinary,Current,Rectal,Rectal capsule,Rectal Suppository,FALSE,"Rektalkapseln sind ähnlich, aber eine Zäpfchen",,a suppository intended to be inserted into the rectum,
PDF-11015000,Human and Veterinary,Current,Rectal,Rectal tampon,Rectal Suppository,FALSE,,,a suppository intended to be inserted into the rectum,
PDF-11100500,Human and Veterinary,Rejected,Pulmonary,Aerosol,Inhalation Spray,ok,,,a spray intended to be inhaled,
PDF-11101000,Human and Veterinary,Current,Pulmonary,Nebuliser solution,Inhalation Solution,ok,,,a solution intended to be inhaled,
PDF-11102000,Human and Veterinary,Current,Pulmonary,Nebuliser suspension,Inhalation Suspension,ok,,,a suspension intended to be inhaled,
PDF-11103000,Human and Veterinary,Current,Pulmonary,Powder for nebuliser suspension,,,,,,
PDF-11104000,Human and Veterinary,Current,Pulmonary,Powder for nebuliser solution,,,,,,
PDF-11105000,Human and Veterinary,Current,Pulmonary,Nebuliser emulsion,,,,,,
PDF-11106000,Human and Veterinary,Current,Pulmonary,"Pressurised inhalation, solution",Inhalation Solution,ok,,,a solution intended to be inhaled,
PDF-11107000,Human and Veterinary,Current,Pulmonary,"Pressurised inhalation, suspension",Inhalation Suspension,ok,,,a suspension intended to be inhaled,
PDF-11108000,Human and Veterinary,Current,Pulmonary,"Pressurised inhalation, emulsion",,,,,,
PDF-11109000,Human and Veterinary,Current,Pulmonary,Inhalation powder,Inhalation Powder,ok,,Inhalation Powder,a powdered medication that is intended to be inhaled,
PDF-11110000,Human and Veterinary,Current,Pulmonary,"Inhalation powder, hard capsule",Dry Powder Inhaler,ok,,,a powdered medication inhaled as a measured dose,
PDF-11111000,Human and Veterinary,Current,Pulmonary,"Inhalation powder, pre-dispensed",Dry Powder Inhaler,ok,,,a powdered medication inhaled as a measured dose,
PDF-11112000,Human and Veterinary,Current,Pulmonary,"Inhalation vapour, powder",,,,,,
PDF-11113000,Human and Veterinary,Current,Pulmonary,"Inhalation vapour, capsule",,,,,,
PDF-11114000,Human and Veterinary,Current,Pulmonary,"Inhalation vapour, solution",Inhalation Solution,ok,,Inhalation Solution,a solution intended to be inhaled,
PDF-11115000,Human and Veterinary,Current,Pulmonary,"Inhalation vapour, tablet",,,,,,
PDF-11116000,Human and Veterinary,Current,Pulmonary,"Inhalation vapour, ointment",,,,,,
PDF-11117000,Human and Veterinary,Current,Pulmonary,"Inhalation vapour, liquid",,,,,,
PDF-11118000,Human and Veterinary,Deprecated,Pulmonary,Inhalation gas,Gas for Inhalation,ok,,,a gas that can be breathed into the nose or mouth,
PDF-11201000,Human and Veterinary,Current,Parenteral,Solution for injection,Injectable Solution,ok,,Injectable Solution,a multiple use solution or reconstituted powder intended to be injected,
PDF-11202000,Human and Veterinary,Current,Parenteral,Suspension for injection,Injectable Suspension,ok,,Injectable Suspension,a multiple use suspension or reconstituted powder intended to be injected,
PDF-11203000,Human and Veterinary,Current,Parenteral,Emulsion for injection,,,,,,
PDF-11204000,Human and Veterinary,Current,Parenteral,Gel for injection,,,,,,
PDF-11205000,Human and Veterinary,Current,Parenteral,Powder for solution for injection,Injectable Solution,,aus dem Pulver wird die Lösung hergestellt,,a multiple use solution or reconstituted powder intended to be injected,
PDF-11206000,Human and Veterinary,Current,Parenteral,Powder for suspension for injection,Injectable Suspension,,aus dem Pulver wird die Suspension hergestellt,,a multiple use suspension or reconstituted powder intended to be injected,
PDF-11208400,Human and Veterinary,Current,Parenteral,Powder for prolonged-release suspension for injection,,,,,,
PDF-11208500,Human and Veterinary,Current,Parenteral,Prolonged-release suspension for injection,Injectable Suspension,ok,"allgemein, Art der Freisetzung fehlt",,a multiple use suspension or reconstituted powder intended to be injected,
PDF-11209000,Human and Veterinary,Current,Parenteral,Concentrate for solution for injection,,,,,,
PDF-11209500,Human and Veterinary,Current,Parenteral,Solution for cardioplegia,,,,,,
PDF-11210000,Human and Veterinary,Current,Parenteral,Solution for infusion,Injectable Solution,ok,,,a multiple use solution or reconstituted powder intended to be injected,
PDF-11211000,Human and Veterinary,Current,Parenteral,Emulsion for infusion,,,,,,
PDF-11211500,Human and Veterinary,Current,Parenteral,Powder for dispersion for infusion,Injectable Suspension,ok,die Suspenion wird hergestellt,,a multiple use suspension or reconstituted powder intended to be injected,
PDF-11212000,Human and Veterinary,Current,Parenteral,Powder for solution for infusion,Injectable Solution,ok,die Lösung wird hergestellt,,a multiple use solution or reconstituted powder intended to be injected,
PDF-11213000,Human and Veterinary,Current,Parenteral,Concentrate for solution for infusion,Injectable Solution,ok,die Lösung wird hergestellt,,a multiple use solution or reconstituted powder intended to be injected,
PDF-11215000,Veterinary only,Current,Parenteral,Lyophilisate for solution for infusion,Injectable Solution,ok,die Lösung wird hergestellt,,a multiple use solution or reconstituted powder intended to be injected,
PDF-11216000,Human and Veterinary,Current,Parenteral,Solvent for parenteral use,,,,,,
PDF-11217000,Veterinary only,Current,Parenteral,Lyophilisate for solution for injection,Injectable Solution,ok,s.o.,,a multiple use solution or reconstituted powder intended to be injected,
PDF-11218000,Veterinary only,Current,Parenteral,Lyophilisate for suspension for injection,Injectable Suspension,ok,s.o.,,a multiple use suspension or reconstituted powder intended to be injected,
PDF-11301000,Human and Veterinary,Current,Parenteral,Implant,Drug Implant,ok,,Drug Implant,a solid form inserted into the body that releases medication over time,
PDF-11302000,Human and Veterinary,Current,Parenteral,Implantation tablet,,,,,,
PDF-11303000,Human and Veterinary,Current,Parenteral,Implantation chain,,,,,,
PDF-11303300,Human and Veterinary,Current,Parenteral,Implantation matrix,,,,,,
PDF-11303500,Human and Veterinary,Current,Parenteral,Implantation suspension,,,,,,
PDF-11303750,Human and Veterinary,Rejected,Parenteral,Kit for implant,,,,,,
PDF-11401000,Human and Veterinary,Current,Intraperitoneal,Solution for peritoneal dialysis,,,,,,
PDF-11402000,Human and Veterinary,Current,"Extracorporeal, Parenteral",Solution for haemofiltration,,,,,,
PDF-11403000,Human and Veterinary,Current,"Extracorporeal, Parenteral",Solution for haemodiafiltration,,,,,,
PDF-11404000,Human and Veterinary,Current,"Extracorporeal, Parenteral",Solution for haemodialysis,,,,,,
PDF-11405000,Human and Veterinary,Current,"Extracorporeal, Parenteral",Concentrate for solution for haemodialysis,,,,,,
PDF-11501000,Human and Veterinary,Deprecated,Intravesical,Solution for intravesical use,Intravesical Solution,ok,,,a solution intended for instillation into the bladder,
PDF-11502000,Human and Veterinary,Current,Intravesical,Bladder irrigation,Irrigation Solution,ok,,,a solution intended for use as a flushing or rinsing agent,
PDF-11502500,Human and Veterinary,Current,Intravesical,Intravesical solution,Intravesical Solution,ok,,,a solution intended for instillation into the bladder,
PDF-11503000,Human and Veterinary,Current,Intravesical,Powder for bladder irrigation,Irrigation Solution,ok,wird hergestellt,,a solution intended for use as a flushing or rinsing agent,
PDF-11504000,Human and Veterinary,Current,Urethral,Urethral gel,Urethral Gel,ok,,,,
PDF-11505000,Human and Veterinary,Current,Urethral,Urethral stick,Urethral Suppository,FALSE,Ein Zäpfchen ist kein Stöpsel,Urethral Suppository,a suppository intended to be inserted into the urethra,
PDF-11601000,Human and Veterinary,Current,Pulmonary,"Endotracheopulmonary instillation, solution",,,,,,
PDF-11602000,Human and Veterinary,Current,Pulmonary,"Endotracheopulmonary instillation, powder for solution",,,,,,
PDF-11603000,Human and Veterinary,Current,Pulmonary,"Endotracheopulmonary instillation, suspension",Intratracheal Suspension,ok,,Intratracheal Suspension,a suspension intended for use in the trachea,
PDF-11701000,Human and Veterinary,Current,Endocervical,Endocervical gel,,,,,,
PDF-11801000,Veterinary only,Current,Intramammary,Intramammary solution,,,,,,
PDF-11802000,Veterinary only,Current,Intramammary,Intramammary suspension,,,,,,
PDF-11803000,Veterinary only,Current,Intramammary,Intramammary emulsion,,,,,,
PDF-11804000,Veterinary only,Current,Intramammary,Intramammary ointment,,,,,,
PDF-11805000,Veterinary only,Current,Intramammary,Teat stick,,,,,,
PDF-11901000,Human and Veterinary,Current,Intrauterine,Intrauterine delivery system,Intrauterine System,ok,,Intrauterine System,a drug delivery system inserted and left in the uterus to provide uniform release of drugs over several years,
PDF-11902000,Veterinary only,Current,Intrauterine,Intrauterine solution,,,,,,
PDF-11903000,Veterinary only,Current,Intrauterine,Intrauterine suspension,,,,,,
PDF-11904000,Veterinary only,Current,Intrauterine,Intrauterine emulsion,,,,,,
PDF-11905000,Veterinary only,Current,Intrauterine,Intrauterine tablet,,,,,,
PDF-11906000,Veterinary only,Current,Intrauterine,Intrauterine capsule,,,,,,
PDF-12001000,Veterinary only,Current,Environmental,Bee-hive strip,,,,,,
PDF-12001500,Veterinary only,Current,Environmental,Bee-hive gel,,,,,,
PDF-12002000,Veterinary only,Current,Environmental,Bee smoke paper,,,,,,
PDF-12003000,Veterinary only,Current,Environmental,Bee smoke stick,,,,,,
PDF-12004000,Veterinary only,Current,Environmental,Nebulisation solution,,,,,,
PDF-12100500,Human and Veterinary,Rejected,Unknown/Miscellaneous,Absorbable coated sponge,,,,,,
PDF-12101000,Human and Veterinary,Current,Unknown/Miscellaneous,Denture lacquer,,,,,,
PDF-12102000,Human and Veterinary,Current,Extracorporeal,Anticoagulant and preservative solution for blood,,,,,,
PDF-12103000,Human and Veterinary,Current,Extracorporeal,Solution for blood fraction modification,,,,,,
PDF-12104000,Human and Veterinary,Current,Unknown/Miscellaneous,Wound stick,,,,,,
PDF-12105000,Human and Veterinary,Current,Unknown/Miscellaneous,Radiopharmaceutical precursor,,,,,,
PDF-12106000,Human and Veterinary,Current,Unknown/Miscellaneous,Radionuclide generator,,,,,,
PDF-12107000,Human and Veterinary,Current,Unknown/Miscellaneous,Kit for radiopharmaceutical preparation,,,,,,
PDF-12108000,Human and Veterinary,Current,Gastroenteral,Gastroenteral solution,,,,,,
PDF-12109000,Human and Veterinary,Deprecated,Unknown/Miscellaneous,Dispersion,,,,,,
PDF-12109900,Human and Veterinary,Rejected,Unknown/Miscellaneous,Frozen solution for sealant,,,,,,
PDF-12110000,Human and Veterinary,Current,Gastroenteral,Gastroenteral suspension,,,,,,
PDF-12111000,Human and Veterinary,Current,Gastroenteral,Gastroenteral emulsion,,,,,,
PDF-12111500,Human and Veterinary,Current,Intraperitoneal,Intraperitoneal solution,Intraperitoneal Solution,ok,,Intraperitoneal Solution,a solution intended for use in the peritoneal cavity,
PDF-12112000,Human and Veterinary,Current,Extracorporeal,Solution for organ preservation,,,,,,
PDF-12113000,Human and Veterinary,Current,Unknown/Miscellaneous,Irrigation solution,Irrigation Solution,ok,,Irrigation Solution,a solution intended for use as a flushing or rinsing agent,
PDF-12114000,Human and Veterinary,Current,Gastric,Stomach irrigation,Irrigation Solution,ok,,,a solution intended for use as a flushing or rinsing agent,
PDF-12115000,Human and Veterinary,Current,Unknown/Miscellaneous,Sealant,,,,,,
PDF-12115100,Human and Veterinary,Current,Unknown/Miscellaneous,Sealant matrix,,,,,,
PDF-12115200,Human and Veterinary,Current,Unknown/Miscellaneous,Sealant powder,,,,,,
PDF-12115500,Human and Veterinary,Rejected,Unknown/Miscellaneous,Solution for perfusion of organs,,,,,,
PDF-12117000,Human and Veterinary,Current,Unknown/Miscellaneous,Impregnated pad,,,,,,
PDF-12117500,Human and Veterinary,Current,Unknown/Miscellaneous,Impregnated plug,,,,,,
PDF-12118000,Human and Veterinary,Current,Parenteral,Living tissue equivalent,,,,,,
PDF-12118500,Veterinary only,Current,Oculonasal,Lyophilisate for oculonasal suspension,,,,,,
PDF-12119000,Human and Veterinary,Current,Unknown/Miscellaneous,Medicated sponge,,,,,,
PDF-12120000,Human and Veterinary,Current,Intestinal,Intestinal gel,,,,,,
PDF-12130000,Human and Veterinary,Current,Unknown/Miscellaneous,Medicated thread,,,,,,
PDF-12131000,Human and Veterinary,Current,"Nasal, Ocular, Pulmonary",Solution for provocation test,,,,,,
PDF-12301000,Human and Veterinary,Current,Pulmonary,"Medicinal gas, compressed",Gas for Inhalation,ok,,,a gas that can be breathed into the nose or mouth,
PDF-12302000,Human and Veterinary,Current,Pulmonary,"Medicinal gas, cryogenic",Gas for Inhalation,ok,,,a gas that can be breathed into the nose or mouth,
PDF-12303000,Human and Veterinary,Current,Pulmonary,"Medicinal gas, liquefied",Gas for Inhalation,ok,,,a gas that can be breathed into the nose or mouth,
PDF-13001000,Human and Veterinary,Current,Parenteral,Concentrate for concentrate for solution for infusion,,,,,,
PDF-13002000,Human and Veterinary,Current,Pulmonary,Concentrate for nebuliser solution,Inhalation Solution,ok,wird hergestellt,,a solution intended to be inhaled,
PDF-13003000,Human and Veterinary,Current,Oromucosal,Concentrate for oromucosal solution,Mucous Membrane Topical Solution,ok,wird hergestellt,,an oral solution intended for use on the mucous membranes,
PDF-13004000,Human and Veterinary,Current,Parenteral,Concentrate for suspension for injection,Injectable Suspension,ok,wird hergestellt,,a multiple use suspension or reconstituted powder intended to be injected,
PDF-13005000,Human and Veterinary,Current,Parenteral,Dispersion for concentrate for dispersion for infusion,,,,,,
PDF-13006000,Human and Veterinary,Current,Auricular,"Ear drops, powder for suspension",,,,,,
PDF-13007000,Human and Veterinary,Current,Oral,Effervescent granules for oral suspension,,,,,,
PDF-13008000,Human and Veterinary,Current,Parenteral,Emulsion for emulsion for injection,,,,,,
PDF-13009000,Human and Veterinary,Current,Pulmonary,"Endotracheopulmonary instillation, powder for suspension",,,,,,
PDF-13010000,Human and Veterinary,Current,Ocular,"Eye drops, powder for solution",,,,,,
PDF-13011000,Human and Veterinary,Current,Ocular,"Eye drops, powder for suspension",,,,,,
PDF-13012000,Human and Veterinary,Current,Parenteral,Gas for dispersion for infusion,,,,,,
PDF-13013000,Human and Veterinary,Current,Parenteral,Gas for dispersion for injection,,,,,,
PDF-13014000,Human and Veterinary,Current,Cutaneous,Gel for gel,Topical Gel,ok,,,a gel intended for use on the skin,
PDF-13015000,Human and Veterinary,Current,Rectal,Granules for rectal suspension,Rectal Suspension,ok,wird hergestellt,,,
PDF-13016000,Human and Veterinary,Current,Oromucosal,Laryngopharyngeal solution,,,,,,
PDF-13017000,Human and Veterinary,Current,Oromucosal,"Laryngopharyngeal spray, solution",,,,,,
PDF-13018000,Human and Veterinary,Current,Parenteral,Matrix for implantation matrix,,,,,,
PDF-13019000,Veterinary only,Current,Nasal,"Nasal drops, lyophilisate for suspension",Nasal Suspension,ok,Tropfen fwhlt,,,
PDF-13020000,Human and Veterinary,Current,Nasal,"Nasal drops, powder for solution",Powder for Nasal Solution,ok,Tropfen fwhlt,Powder for Nasal Solution,"a powder, which, upon the addition of suitable vehicles, yields a solution intended for use on the nasal mucosa",
PDF-13021000,Human and Veterinary,Current,Cutaneous,Powder for gel,Topical Gel,ok,wird hergestellt,,a gel intended for use on the skin,
PDF-13022000,Human and Veterinary,Current,Dental,Powder for dental gel,,,,,,
PDF-13023000,Human and Veterinary,Current,Parenteral,Powder for dispersion for injection,Injectable Suspension,ok,wird hergestellt,,a multiple use suspension or reconstituted powder intended to be injected,
PDF-13024000,Human and Veterinary,Current,Endocervical,Powder for endocervical gel,,,,,,
PDF-13025000,Human and Veterinary,Current,Nasal,Powder for endosinusial solution,Powder for Nasal Solution,ok,,,"a powder, which, upon the addition of suitable vehicles, yields a solution intended for use on the nasal mucosa",
PDF-13026000,Human and Veterinary,Current,Oromucosal,Powder for gingival gel,,,,,,
PDF-13027000,Human and Veterinary,Current,Parenteral,Powder for implantation matrix,,,,,,
PDF-13028000,Human and Veterinary,Current,Parenteral,Powder for implantation paste,,,,,,
PDF-13029000,Human and Veterinary,Current,Ocular,Powder for intraocular instillation solution,Ophthalmic Irrigation Solution,ok,,,an irrigation solution intended for use in the eye,
PDF-13031000,Human and Veterinary,Current,Unknown/Miscellaneous,Powder for sealant,,,,,,
PDF-13032000,Human and Veterinary,Current,Cutaneous,Powder for solution for skin-prick test,,,,,,
PDF-13033000,Human and Veterinary,Current,Parenteral,Solution for solution for injection,,,,,,
PDF-13034000,Human and Veterinary,Pending,Unknown/Miscellaneous,Solution for spray,,,,,,
PDF-13035000,Human and Veterinary,Current,Unknown/Miscellaneous,Solvent for...,,,,,,
PDF-13036000,Human and Veterinary,Current,Parenteral,Suspension for emulsion for injection,,,,,,
PDF-13037000,Human and Veterinary,Current,Oral,Suspension for oral suspension,,,,,,
PDF-13038000,Human and Veterinary,Pending,Unknown/Miscellaneous,Suspension for spray,,,,,,
PDF-13039000,Human and Veterinary,Current,Parenteral,Suspension for suspension for injection,,,,,,
PDF-13040000,Human and Veterinary,Current,Parenteral,Powder for emulsion for injection,,,,,,
PDF-13041000,Human and Veterinary,Current,Nasal,Endosinusial solution,Nasal Solution,ok,,,a solution intended for use on the nasal mucosa,
PDF-13042000,Human and Veterinary,Current,Unknown/Miscellaneous,Epilesional solution,,,,,,
PDF-13043000,Human and Veterinary,Current,Parenteral,Implantation paste,,,,,,
PDF-13044000,Human and Veterinary,Current,Ocular,Intraocular instillation solution,Ophthalmic Irrigation Solution,ok,,Ophthalmic Irrigation Solution,an irrigation solution intended for use in the eye,
PDF-13045000,Human and Veterinary,Current,Intravesical,Intravesical suspension,Intravesical Suspension,ok,,,a suspension intended for instillation into the bladder,
PDF-13046000,Human and Veterinary,Current,Oral,Coated granules,Oral Granules,ok,,,granules intended to be taken by mouth,
PDF-13047000,Human and Veterinary,Current,Parenteral,Solution for suspension for injection,,,,,,
PDF-13048000,Human and Veterinary,Current,Parenteral,Granules for suspension for injection,,,,,,
PDF-13049000,Human and Veterinary,Current,Parenteral,Dispersion for injection/infusion,Injectable Suspension,,"? ich weiß nicht, was das ist",,a multiple use suspension or reconstituted powder intended to be injected,
PDF-13050000,Human and Veterinary,Current,Parenteral,Gas for dispersion for injection/infusion,,,,,,
PDF-13051000,Human and Veterinary,Current,"Cutaneous, Parenteral",Solution for injection/skin-prick test,Injectable Solution,ok,,,a multiple use solution or reconstituted powder intended to be injected,
PDF-13052000,Human and Veterinary,Current,"Cutaneous, Parenteral",Powder for solution for injection/skin-prick test,,,,,,
PDF-13054000,Veterinary only,Current,Environmental,Solution for bee-hive strip,,,,,,
PDF-13055000,Veterinary only,Current,Oral,Solution for use in drinking water/milk,,,,,,
PDF-13056000,Veterinary only,Current,Environmental,Powder for solution for fish treatment,,,,,,
PDF-13058000,Human and Veterinary,Rejected,Oral,Caplet,,,,,,
PDF-13061000,Human and Veterinary,Current,Parenteral,Solution for solution for infusion,,,,,,
PDF-13065000,Veterinary only,Current,Intramammary,Intramammary gel,,,,,,
PDF-13066000,Human and Veterinary,Current,Cutaneous,Tablet for cutaneous solution,,,,,,
PDF-13067000,Veterinary only,Current,Oral,Lyophilisate for oral suspension,,,,,,
PDF-13076000,Human and Veterinary,Current,Parenteral,Prolonged-release solution for injection,Injectable Solution,ok,"allgemein, Verzögerung nicht genannt",,a multiple use solution or reconstituted powder intended to be injected,
PDF-13077000,Human and Veterinary,Current,Urethral,Urethral emulsion,,,,,,
PDF-13078000,Veterinary only,Current,Environmental,Bee-hive solution,,,,,,
PDF-13079000,Veterinary only,Current,Environmental,Powder for bee-hive solution,,,,,,
PDF-13080000,Veterinary only,Current,Environmental,Solution for bee-hive solution,,,,,,
PDF-13082000,Veterinary only,Current,Environmental,Bee-hive dispersion,,,,,,
PDF-13084000,Veterinary only,Current,Oral,"Oral spray, suspension",,,,,,
PDF-13085000,Veterinary only,Current,Oral,"Concentrate for concentrate for oral spray, suspension",,,,,,
PDF-13087000,Veterinary only,Current,Oculonasal,Oculonasal suspension,,,,,,
PDF-13089000,Veterinary only,Current,Oral,"Lyophilisate for oral spray, suspension",,,,,,
PDF-13091000,Human and Veterinary,Current,Parenteral,Emulsion for suspension for injection,,,,,,
PDF-13096000,Veterinary only,Current,Nasal,"Nasal spray, lyophilisate for suspension",,,,,,
PDF-13098000,Veterinary only,Current,"Oculonasal, Oral",Lyophilisate for oculonasal suspension/use in drinking water,,,,,,
PDF-13099000,Veterinary only,Current,Environmental,Powder for bee-hive dispersion,,,,,,
PDF-13100000,Veterinary only,Current,Environmental,Solution for bee-hive dispersion,,,,,,
PDF-13102000,Human and Veterinary,Current,Transdermal,Transdermal ointment,Topical Ointment,ok,,,a ointment intended for use on or in the skin,
PDF-13105000,Human and Veterinary,Current,Sublingual,Sublingual powder,Sublingual Powder,ok,,Sublingual Powder,a powder intended for use under the tongue,
PDF-13106000,Human and Veterinary,Current,Oral,Oral herbal material,,,,,,
PDF-13107000,Human and Veterinary,Current,"Extracorporeal, Parenteral",Solution for cardioplegia/organ preservation,,,,,,
PDF-13111000,Human and Veterinary,Current,Vaginal,Powder for vaginal solution,,,,,,
PDF-13113000,Human and Veterinary,Current,Intrauterine,Intrauterine gel,,,,,,
PDF-13115000,Human and Veterinary,Current,Cutaneous,Medicinal leech,,,,,,
PDF-13116000,Veterinary only,Current,Parenteral,Lyophilisate for emulsion for injection,,,,,,
PDF-13118000,Human and Veterinary,Current,Oral,Tablet with sensor,Oral Tablet,ok,allgemein,,a tablet containing medicated materials to be taken by mouth,
PDF-13123000,Human and Veterinary,Current,Urethral,Urethral ointment,,,,,,
PDF-13124000,Human and Veterinary,Current,Cutaneous,Medicinal larvae,,,,,,
PDF-13126000,Human and Veterinary,Current,Parenteral,Prolonged-release dispersion for injection,Injectable Suspension,ok,Verzögerung fehlt,,a multiple use suspension or reconstituted powder intended to be injected,
PDF-13127000,Human and Veterinary,Current,Sublingual,Sublingual lyophilisate,,,,,,
PDF-13128000,Human and Veterinary,Current,Unknown/Miscellaneous,extended ,,,,,,
PDF-13129000,Human and Veterinary,Current,Pulmonary,Nebuliser dispersion,,,,,,
PDF-13133000,Human and Veterinary,Current,Oral,Gastro-resistant oral suspension,Oral Suspension,ok,"allgemein, magensaftresistent fehlt",,a suspension intended to be taken by mouth,
PDF-13134000,Human and Veterinary,Current,Oral,Prolonged-release oral suspension,Extended Release Suspension,ok,,Extended Release Suspension,a suspension that allows for a timed or controlled release of the solute,
PDF-13135000,Human and Veterinary,Current,Oral,Modified-release oral suspension,Extended Release Suspension,ok,,,a suspension that allows for a timed or controlled release of the solute,
PDF-13136000,Human and Veterinary,Deprecated,Oral,Gastro-resistant powder for oral suspension,,,,,,
PDF-13139000,Human and Veterinary,Current,Parenteral,Concentrate for dispersion for injection,,,,,,
PDF-13140000,Human and Veterinary,Current,"Cutaneous, Oromucosal",Cutaneous/oromucosal solution,Topical Solution,ok,,,a solution intended for use on a surface (do not use for Oral Solutions),
PDF-13141000,Human and Veterinary,Current,Oromucosal,Oromucosal pouch,,,,,,
PDF-13145000,Human and Veterinary,Current,Cutaneous,Impregnated cutaneous swab,,,,,,
PDF-13148000,Human and Veterinary,Current,Vaginal,Prolonged-release pessary,Vaginal Insert,ok,allgemein,,"a solid form (tablet, capsule, or suppository) intended to be inserted into the vagina",
PDF-13149000,Human and Veterinary,Current,Oromucosal,Oromucosal film,Oral Film,ok,allgemein,,a thin sheet placed in the oral cavity and contains one or more layers,
PDF-13152000,Human and Veterinary,Current,Parenteral,Concentrate for emulsion for injection,,,,,,
PDF-13154000,Human and Veterinary,Current,Oral,Film-coated granules,Oral Granules,ok,,,granules intended to be taken by mouth,
PDF-13158000,Veterinary only,Current,Oculonasal,Effervescent tablet for oculonasal suspension,,,,,,
PDF-13159000,Human and Veterinary,Current,Ocular,"Eye drops, prolonged-release solution",Ophthalmic Solution,ok,"allgemein, Tropfen und veränderte Freisetzung fehlt",,a solution intended for use in the eye,
PDF-13162000,Human and Veterinary,Current,Cutaneous,Concentrate for cutaneous emulsion,,,,,,
PDF-13163000,Veterinary only,Current,Oral,Granules for use in drinking water/milk,,,,,,
PDF-13164000,Human and Veterinary,Rejected,Unknown/Miscellaneous,"Mucosal spray, solution",Mucosal Spray,ok,,,a spray intended for use on the mucous membranes,
PDF-13165000,Human and Veterinary,Current,Cutaneous,Suspension for gel,,,,,,
PDF-13167000,Human and Veterinary,Current,Oromucosal,"Oromucosal drops, emulsion",,,,,,
PDF-13168000,Human and Veterinary,Current,Oromucosal,"Oromucosal drops, solution",Mucous Membrane Topical Solution,ok,Tropfen fehlt,,an oral solution intended for use on the mucous membranes,
PDF-13169000,Human and Veterinary,Current,Oromucosal,"Oromucosal drops, suspension",Oral Suspension,ok,,,a suspension intended to be taken by mouth,
PDF-13174000,Veterinary only,Current,Environmental,Bee-hive powder,,,,,,
PDF-13175000,Human and Veterinary,Current,Oral,Prolonged-release chewable tablet,Extended Release Oral Tablet,ok,Kautablette fehlt,,a tablet whose contents are slowly released over an extended period of time at a controlled rate,
PDF-13176000,Human and Veterinary,Current,Oral,Powder for prolonged-release oral suspension,Powder for Oral Suspension,ok,"allgemein, veränderte Freisetzung bzw. magensaftresistent fehlt",,"a powder, which, upon the addition of suitable vehicles, yields a suspension intended to be taken by mouth",
PDF-13177000,Human and Veterinary,Current,Oral,Granules for gastro-resistant oral suspension,Granules for Oral Suspension,ok,"allgemein, veränderte Freisetzung bzw. magensaftresistent fehlt",,granules to be reconstituted with diluent prior to administration to form a suspension intended to be taken by mouth,
PDF-13178000,Human and Veterinary,Current,Oral,Powder for gastro-resistant oral suspension,Powder for Oral Suspension,ok,"allgemein, veränderte Freisetzung bzw. magensaftresistent fehlt",,"a powder, which, upon the addition of suitable vehicles, yields a suspension intended to be taken by mouth",
PDF-13179000,Human and Veterinary,Current,Oral,Granules for modified-release oral suspension,Granules for Oral Suspension,ok,"allgemein, veränderte Freisetzung bzw. magensaftresistent fehlt",,granules to be reconstituted with diluent prior to administration to form a suspension intended to be taken by mouth,
PDF-13180000,Human and Veterinary,Current,Oral,Granules for prolonged-release oral suspension,Granules for Oral Suspension,ok,"allgemein, veränderte Freisetzung bzw. magensaftresistent fehlt",,granules to be reconstituted with diluent prior to administration to form a suspension intended to be taken by mouth,
PDF-13184000,Human and Veterinary,Current,"Nasal, Ocular, Pulmonary",Powder for solution for provocation test,,,,,,
PDF-13186000,Human and Veterinary,Current,Parenteral,Implantation gel,,,,,,
PDF-13187000,Human and Veterinary,Current,Parenteral,Dispersion for implantation gel,,,,,,
PDF-13188000,Human and Veterinary,Current,Parenteral,Solution for implantation gel,,,,,,
PDF-13190000,Human and Veterinary,Current,Ocular,Intracameral implant,,,,,,
PDF-13191000,Human and Veterinary,Current,Ocular,Intravitreal implant,,,,,,
PDF-13193000,Veterinary only,Current,Oral,"Oral suspension, bait",,,,,,
PDF-13196000,Human and Veterinary,Current,Sublingual,Sublingual solution,,,,,,
PDF-13197000,Human and Veterinary,Current,Oral,Granules in capsule for opening,Oral Granules,ok,Kapseln zum Öffnen fehlt,,granules intended to be taken by mouth,
PDF-13198000,Human and Veterinary,Current,Oral,Oral powder in capsule for opening,Oral Powder,,Kapseln zum Öffnen fehlt,,"a powder given orally, often sprinkled on or mixed with food. Not for powders mixed with liquids",
PDF-13200000,Human and Veterinary,Current,Intravesical,Intravesical delivery system,,,,,,
PDF-13202000,Veterinary only,Current,Intramammary,Intramammary foam,,,,,,
PDF-13203000,Human and Veterinary,Current,"Intravesical, Parenteral",Concentrate for intravesical solution/solution for injection,,,,,,
PDF-30047500,Human and Veterinary,Deprecated,Unknown/Miscellaneous,Pouch,,,,,,
PDF-50001000,Human and Veterinary,Current,Oral,Chewable/dispersible tablet,,,,,,
PDF-50009000,Human and Veterinary,Current,Cutaneous,"Concentrate for cutaneous spray, emulsion",Topical Spray,ok,,Topical Spray,a spray intended for use on the skin,
PDF-50009300,Human and Veterinary,Current,Parenteral,Concentrate for dispersion for infusion,,,,,,
PDF-50009500,Human and Veterinary,Current,Parenteral,Concentrate for emulsion for infusion,,,,,,
PDF-50009750,Human and Veterinary,Current,Intravesical,Concentrate for intravesical solution,,,,,,
PDF-50010000,Human and Veterinary,Current,Oral,Concentrate for oral solution,Oral Solution,ok,Lösung wird hergestellt,,"a solution intended to be taken by mouth. For solutions applied to the teeth, use Mouthwash",
PDF-50011000,Human and Veterinary,Current,"Oral, Rectal",Concentrate for oral/rectal solution,,,,,,
PDF-50012000,Human and Veterinary,Deprecated,Intraperitoneal,Concentrate for peritoneal dialysis solution,,,,,,
PDF-50013000,Human and Veterinary,Deprecated,Intravesical,Concentrate for solution for intravesical use,Intravesical Solution,ok,s.o.,,a solution intended for instillation into the bladder,
PDF-50013250,Human and Veterinary,Current,Intraperitoneal,Concentrate for solution for peritoneal dialysis,,,,,,
PDF-50013500,Veterinary only,Current,Unknown/Miscellaneous,Concentrate for spray emulsion,,,,,,
PDF-50014000,Human and Veterinary,Deprecated,Parenteral,Concentrate for suspension for infusion,,,,,,
PDF-50015000,Human and Veterinary,Deprecated,"Cutaneous, Nasal",Cutaneous and nasal ointment,,,,,,
PDF-50015100,Human and Veterinary,Deprecated,"Auricular, Cutaneous",Cutaneous/ear drops suspension,,,,,,
PDF-50015200,Human and Veterinary,Current,"Cutaneous, Nasal",Cutaneous/nasal ointment,,,,,,
PDF-50015300,Human and Veterinary,Rejected,"Cutaneous, Oral, Oromucosal",Cutaneous/oromucosal/oral solution,,,,,,
PDF-50015400,Human and Veterinary,Rejected,"Cutaneous, Oromucosal",Cutaneous/oromucosal spray,,,,,,
PDF-50015450,Human and Veterinary,Current,"Cutaneous, Oromucosal",Cutaneous solution/concentrate for oromucosal solution,,,,,,
PDF-50015500,Human and Veterinary,Current,Cutaneous,"Cutaneous spray, emulsion",Topical Spray,ok,,,a spray intended for use on the skin,
PDF-50016000,Human and Veterinary,Current,Cutaneous,"Cutaneous spray, ointment",Topical Spray,ok,,,a spray intended for use on the skin,
PDF-50017000,Human and Veterinary,Current,Dental,Dental paste,Paste,ok,"allgemein, dental fehlt",,"a smooth, viscous mixture of material; semisolid in nature",
PDF-50017500,Human and Veterinary,Current,Parenteral,Dispersion for infusion,Injectable Suspension,ok,,,a multiple use suspension or reconstituted powder intended to be injected,
PDF-50018000,Human and Veterinary,Current,"Auricular, Ocular","Ear/eye drops, solution",,,,,,
PDF-50018500,Human and Veterinary,Current,"Auricular, Ocular","Ear/eye drops, suspension",,,,,,
PDF-50019000,Human and Veterinary,Current,"Auricular, Ocular",Ear/eye ointment,,,,,,
PDF-50019500,Human and Veterinary,Current,"Auricular, Nasal, Ocular","Ear/eye/nasal drops, solution",,,,,,
PDF-50020000,Human and Veterinary,Deprecated,"Auricular, Nasal, Ocular","Ear/eye/nose drops, solution",,,,,,
PDF-50020200,Human and Veterinary,Current,"Auricular, Nasal","Ear/nasal drops, suspension",,,,,,
PDF-50020500,Human and Veterinary,Rejected,Buccal,Effervescent buccal tablet,,,,,,
PDF-50021000,Human and Veterinary,Current,Parenteral,Emulsion for injection/infusion,,,,,,
PDF-50022000,Human and Veterinary,Current,Nasal,"Endosinusial wash, suspension",Irrigation Solution,ok,,,a solution intended for use as a flushing or rinsing agent,
PDF-50023500,Human and Veterinary,Rejected,Oral,Film coated gastro-resistant tablet,,,,,,
PDF-50024000,Human and Veterinary,Current,Oromucosal,Gargle/mouthwash,Mouthwash,ok,,,an oral solution intended to be used as a rinse or for irrigation. This includes oral solutions that are applied to the teeth,
PDF-50024500,Human and Veterinary,Current,"Nasal, Oromucosal",Gargle/nasal wash,Irrigation Solution,ok,,,a solution intended for use as a flushing or rinsing agent,
PDF-50025000,Human and Veterinary,Deprecated,Oral,Gastro-resistant coated tablet,Delayed Release Oral Tablet,ok,,,a solid dosage form which releases a drug (or drugs) at a time other than promptly after oral administration (enteric-coated particles are delayed release dosage forms),
PDF-50026000,Human and Veterinary,Deprecated,Oral,Gastro-resistant granules for oral suspension,,,,,,
PDF-50026250,Human and Veterinary,Deprecated,Oral,Gastro-resistant prolonged-release tablet,Delayed Release Oral Tablet,ok,,,a solid dosage form which releases a drug (or drugs) at a time other than promptly after oral administration (enteric-coated particles are delayed release dosage forms),
PDF-50028000,Human and Veterinary,Deprecated,"Oral, Rectal",Granules for oral and rectal suspension,,,,,,
PDF-50029000,Human and Veterinary,Deprecated,Oral,"Granules for oral drops, solution",Granules for Oral Solution,ok,,,granules to be reconstituted with solvent just before dispensing to form a solution intended to be taken by mouth,
PDF-50029150,Human and Veterinary,Current,"Oral, Rectal",Granules for oral/rectal suspension,Granules for Oral Suspension,ok,,,granules to be reconstituted with diluent prior to administration to form a suspension intended to be taken by mouth,
PDF-50029250,Veterinary only,Current,Oral,Granules for use in drinking water,,,,,,
PDF-50029500,Human and Veterinary,Current,Vaginal,Granules for vaginal solution,,,,,,
PDF-50029600,Human and Veterinary,Rejected,Oral,Hard capsule with gastro-resistant pellets,,,,,,
PDF-50029800,Human and Veterinary,Deprecated,Pulmonary,Inhalation impregnated pad,,,,,,
PDF-50030000,Human and Veterinary,Current,Pulmonary,"Inhalation powder, tablet",Dry Powder Inhaler,ok,tablet fehlt,,a powdered medication inhaled as a measured dose,
PDF-50031000,Human and Veterinary,Current,Pulmonary,"Inhalation vapour, effervescent tablet",,,,,,
PDF-50032000,Human and Veterinary,Current,Pulmonary,"Inhalation vapour, emulsion",,,,,,
PDF-50033000,Human and Veterinary,Current,Pulmonary,"Inhalation vapour, impregnated pad",,,,,,
PDF-50033100,Human and Veterinary,Current,Pulmonary,"Inhalation vapour, impregnated plug",,,,,,
PDF-50033300,Veterinary only,Current,Intrauterine,Intrauterine foam,,,,,,
PDF-50033400,Human and Veterinary,Current,"Intravesical, Parenteral",Intravesical solution/solution for injection,Injectable Solution,ok,Anwendungsort fehlt,,a multiple use solution or reconstituted powder intended to be injected,
PDF-50034000,Human and Veterinary,Deprecated,Pulmonary,Liquefied gas for dental use,,,,,,
PDF-50034700,Veterinary only,Current,Oral,Lyophilisate for use in drinking water,,,,,,
PDF-50035000,Human and Veterinary,Deprecated,Oral,Modified-release film-coated tablet,Delayed Release Oral Tablet,ok,,,a solid dosage form which releases a drug (or drugs) at a time other than promptly after oral administration (enteric-coated particles are delayed release dosage forms),
PDF-50036000,Human and Veterinary,Deprecated,Oral,Modified-release granules for oral suspension,Granules for Oral Suspension,ok,veränderte Freistzung fehlt,,granules to be reconstituted with diluent prior to administration to form a suspension intended to be taken by mouth,
PDF-50036050,Human and Veterinary,Current,Oromucosal,"Mouthwash, powder for solution",Mouthwash,ok,,,an oral solution intended to be used as a rinse or for irrigation. This includes oral solutions that are applied to the teeth,
PDF-50036100,Human and Veterinary,Rejected,Buccal,Muco-adhesive buccal prolonged-release tablet,,,,,,
PDF-50036500,Human and Veterinary,Current,"Nasal, Oromucosal",Nasal/oromucosal solution,Nasal Solution,ok,,,a solution intended for use on the nasal mucosa,
PDF-50036700,Human and Veterinary,Current,"Nasal, Oromucosal","Nasal/oromucosal spray, solution",Nasal Spray,ok,,,a nasal solution intended for use in the nasal cavity delivered by a spray (see also Metered Dose Nasal Spray & Nasal Inhalant),
PDF-50037000,Human and Veterinary,Deprecated,"Nasal, Oromucosal",Nasal spray and oromucosal solution,Nasal Spray,,sind das 2 Sachen?,,a nasal solution intended for use in the nasal cavity delivered by a spray (see also Metered Dose Nasal Spray & Nasal Inhalant),
PDF-50037100,Human and Veterinary,Current,Nasal,"Nasal spray, powder for solution",Nasal Spray,ok,,,a nasal solution intended for use in the nasal cavity delivered by a spray (see also Metered Dose Nasal Spray & Nasal Inhalant),
PDF-50037400,Human and Veterinary,Current,"Nasal, Oromucosal","Nasal spray, solution/oromucosal solution",Nasal Spray,ok,,,a nasal solution intended for use in the nasal cavity delivered by a spray (see also Metered Dose Nasal Spray & Nasal Inhalant),
PDF-50037500,Human and Veterinary,Current,Oral,"Oral drops, granules for solution",Granules for Oral Solution,ok,Tropfen fehlt,,granules to be reconstituted with solvent just before dispensing to form a solution intended to be taken by mouth,
PDF-50037750,Human and Veterinary,Current,Oral,"Oral drops, liquid",,,,,,
PDF-50037900,Human and Veterinary,Current,"Oral, Rectal",Oral/rectal solution,Oral Solution,,rectal fehlt,,"a solution intended to be taken by mouth. For solutions applied to the teeth, use Mouthwash",
PDF-50038000,Human and Veterinary,Current,"Oral, Rectal",Oral/rectal suspension,Oral Suspension,,rectal fehlt,,a suspension intended to be taken by mouth,
PDF-50038500,Human and Veterinary,Current,"Oral, Pulmonary",Oral solution/concentrate for nebuliser solution,,,,,,
PDF-50039000,Human and Veterinary,Current,Oromucosal,Oromucosal patch,,,,,,
PDF-50039500,Human and Veterinary,Current,Oromucosal,Oromucosal/laryngopharyngeal solution,Oral Solution,ok,,,"a solution intended to be taken by mouth. For solutions applied to the teeth, use Mouthwash",
PDF-50040000,Human and Veterinary,Deprecated,Oromucosal,Oromucosal/laryngopharyngeal solution/spray,Oral Spray,ok,,,a spray intended to be applied into the oral cavity,
PDF-50040500,Human and Veterinary,Current,Oromucosal,"Oromucosal/laryngopharyngeal solution/spray, solution",Oral Spray,ok,solution fehlt,,a spray intended to be applied into the oral cavity,
PDF-50043000,Human and Veterinary,Current,Parenteral,Powder for concentrate for solution for infusion,,,,,,
PDF-50048750,Human and Veterinary,Current,Parenteral,Powder for concentrate for dispersion for infusion,,,,,,
PDF-50049000,Human and Veterinary,Deprecated,"Extracorporeal, Parenteral",Powder for concentrate for haemodialysis solution,,,,,,
PDF-50049100,Human and Veterinary,Current,Intravesical,Powder for concentrate for intravesical suspension,,,,,,
PDF-50049200,Human and Veterinary,Current,"Extracorporeal, Parenteral",Powder for concentrate for solution for haemodialysis,,,,,,
PDF-50049250,Human and Veterinary,Current,Parenteral,Powder for concentrate for solution for injection/infusion,,,,,,
PDF-50049270,Human and Veterinary,Current,Dental,Powder for dental solution,,,,,,
PDF-50049300,Human and Veterinary,Current,Unknown/Miscellaneous,Powder for epilesional solution,,,,,,
PDF-50049500,Human and Veterinary,Current,Parenteral,Powder for implantation suspension,,,,,,
PDF-50050000,Human and Veterinary,Current,Intravesical,Powder for intravesical solution,Intravesical Solution,ok,wird hergestellt,,a solution intended for instillation into the bladder,
PDF-50050500,Human and Veterinary,Current,"Intravesical, Parenteral",Powder for intravesical solution/solution for injection,,,,,,
PDF-50051000,Human and Veterinary,Current,Intravesical,Powder for intravesical suspension,Intravesical Suspension,ok,wird hergestellt,,a suspension intended for instillation into the bladder,
PDF-50051100,Human and Veterinary,Deprecated,Oromucosal,Powder for mouth wash,Mouthwash,ok,wird hergestellt,,an oral solution intended to be used as a rinse or for irrigation. This includes oral solutions that are applied to the teeth,
PDF-50051500,Human and Veterinary,Rejected,"Parenteral, Pulmonary",Powder for nebuliser solution/solution for injection/infusion,,,,,,
PDF-50052000,Human and Veterinary,Current,"Oral, Rectal",Powder for oral/rectal suspension,Powder for Oral Suspension,ok,rectal fehlt,,"a powder, which, upon the addition of suitable vehicles, yields a suspension intended to be taken by mouth",
PDF-50053000,Human and Veterinary,Deprecated,Parenteral,Powder for solution for injection or infusion,Injectable Solution,ok,wird hergestellt,,a multiple use solution or reconstituted powder intended to be injected,
PDF-50053500,Human and Veterinary,Current,Parenteral,Powder for solution for injection/infusion,Injectable Solution,ok,wird hergestellt,,a multiple use solution or reconstituted powder intended to be injected,
PDF-50054000,Human and Veterinary,Deprecated,Intravesical,Powder for solution for intravesical use,,,,,,
PDF-50055000,Human and Veterinary,Deprecated,Nasal,Powder for solution for nasal spray,Nasal Spray,ok,wird hergestellt,,a nasal solution intended for use in the nasal cavity delivered by a spray (see also Metered Dose Nasal Spray & Nasal Inhalant),
PDF-50055150,Human and Veterinary,Deprecated,Parenteral,Powder for solution/suspension for injection,,,,,,
PDF-50055250,Veterinary only,Current,Oral,Powder for use in drinking water/milk,,,,,,
PDF-50055500,Human and Veterinary,Rejected,Oral,Prolonged-release film-coated tablet,,,,,,
PDF-50056000,Human and Veterinary,Deprecated,Oral,Prolonged-release granules for oral suspension,Granules for Oral Suspension,ok,verzögerte Freisetzung fehlt,,granules to be reconstituted with diluent prior to administration to form a suspension intended to be taken by mouth,
PDF-50056500,Human and Veterinary,Current,Unknown/Miscellaneous,"Radiopharmaceutical precursor, solution",,,,,,
PDF-50057000,Human and Veterinary,Current,"Extracorporeal, Parenteral",Solution for haemodialysis/haemofiltration,,,,,,
PDF-50058000,Human and Veterinary,Deprecated,"Oral, Parenteral",Solution for infusion and oral solution,,,,,,
PDF-50059000,Human and Veterinary,Rejected,Parenteral,Solution for injection/concentrate for solution for infusion,,,,,,
PDF-50059500,Veterinary only,Rejected,Parenteral,Solution for injection for euthanasia,,,,,,
PDF-50060000,Human and Veterinary,Current,Parenteral,Solution for injection/infusion,Injectable Solution,ok,,,a multiple use solution or reconstituted powder intended to be injected,
PDF-50060700,Human and Veterinary,Rejected,"Parenteral, Rectal",Solution for injection/infusion/rectal use,,,,,,
PDF-50061000,Human and Veterinary,Deprecated,Intraperitoneal,Solution for intraperitoneal use,,,,,,
PDF-50061300,Veterinary only,Current,Oral,Solution for use in drinking water,,,,,,
PDF-50061500,Human and Veterinary,Current,Unknown/Miscellaneous,Solution for sealant,,,,,,
PDF-50061600,Human and Veterinary,Rejected,Nasal,Solvent for nasal use,,,,,,
PDF-50063000,Human and Veterinary,Deprecated,Parenteral,Suspension for infusion,Injectable Suspension,ok,,,a multiple use suspension or reconstituted powder intended to be injected,
PDF-50063500,Veterinary only,Current,Oral,Suspension for use in drinking water,,,,,,
PDF-50066000,Human and Veterinary,Deprecated,Oral,Tablet for oral suspension,Tablet for Oral Suspension,ok,,,a tablet to be reconstituted with diluent prior to administration to form a suspension intended to be taken by mouth,
PDF-50068000,Veterinary only,Current,Cutaneous,Teat dip/spray solution,,,,,,
PDF-50070000,Veterinary only,Deprecated,Oral,Oral suspension for use in drinking water,,,,,,
PDF-50072000,Veterinary only,Current,Oral,Powder for use in drinking water,,,,,,
PDF-50073000,Human and Veterinary,Current,Ocular,Powder for solution for intraocular irrigation,Ophthalmic Irrigation Solution,ok,wird hergestellt,,an irrigation solution intended for use in the eye,
PDF-50073500,Human and Veterinary,Current,Ocular,Solution for intraocular irrigation,Ophthalmic Irrigation Solution,ok,,,an irrigation solution intended for use in the eye,
PDF-50074000,Human and Veterinary,Current,Ocular,Solvent for solution for intraocular irrigation,,,,,,
PDF-50076000,Human and Veterinary,Current,Parenteral,Solvent for solution for infusion,,,,,,
PDF-50077000,Human and Veterinary,Current,Parenteral,Dispersion for injection,Injectable Suspension,ok,,,a multiple use suspension or reconstituted powder intended to be injected,
PDF-50079000,Human and Veterinary,Current,Parenteral,Concentrate for solution for injection/infusion,Injectable Solution,ok,wird hergestellt,,a multiple use solution or reconstituted powder intended to be injected,
PDF-50081000,Human and Veterinary,Current,Pulmonary,Inhalation solution,Inhalation Solution,ok,,,a solution intended to be inhaled,
PDF-50082000,Human and Veterinary,Current,Oral,"Oral drops, powder for suspension",Powder for Oral Suspension,ok,Tropfen fehlt,,"a powder, which, upon the addition of suitable vehicles, yields a suspension intended to be taken by mouth",